grado_perdida_auditiva,nivel_lectura,preferencia_comunicativa,nivel_dificultad_recomendado
Profunda,Básico,Mixto,Leve
Leve,Básico,Mixto,Leve
Profunda,Avanzado,Mixto,Moderada
Profunda,Intermedio,Subtítulos,Leve
Moderada,Intermedio,Lengua de Señas,Moderada
Leve,Básico,Lengua de Señas,Leve
Leve,Básico,Mixto,Leve
Moderada,Avanzado,Lengua de Señas,Moderada
Profunda,Avanzado,Subtítulos,Avanzada
Profunda,Básico,Subtítulos,Leve
Moderada,Intermedio,Lengua de Señas,Moderada
Leve,Intermedio,Mixto,Moderada
Leve,Avanzado,Mixto,Avanzada
Moderada,Intermedio,Lengua de Señas,Moderada
Moderada,Intermedio,Subtítulos,Moderada
Moderada,Intermedio,Lengua de Señas,Moderada
Moderada,Avanzado,Mixto,Avanzada
Leve,Intermedio,Subtítulos,Moderada
Moderada,Avanzado,Subtítulos,Avanzada
Leve,Básico,Subtítulos,Leve
Leve,Básico,Subtítulos,Leve
Leve,Avanzado,Mixto,Avanzada
Profunda,Avanzado,Subtítulos,Moderada
Moderada,Avanzado,Lengua de Señas,Avanzada
Profunda,Básico,Lengua de Señas,Avanzada
Profunda,Intermedio,Subtítulos,Leve
Moderada,Avanzado,Mixto,Avanzada
Leve,Avanzado,Lengua de Señas,Avanzada
Leve,Intermedio,Mixto,Moderada
Profunda,Avanzado,Subtítulos,Moderada
Moderada,Intermedio,Subtítulos,Moderada
Profunda,Básico,Subtítulos,Leve
Moderada,Básico,Mixto,Leve
Profunda,Avanzado,Subtítulos,Moderada
Profunda,Avanzado,Mixto,Moderada
Moderada,Intermedio,Subtítulos,Moderada
Leve,Intermedio,Lengua de Señas,Moderada
Moderada,Avanzado,Subtítulos,Avanzada
Leve,Básico,Subtítulos,Leve
Leve,Básico,Subtítulos,Leve
Moderada,Avanzado,Subtítulos,Avanzada
Leve,Avanzado,Lengua de Señas,Avanzada
Profunda,Avanzado,Lengua de Señas,Moderada
Leve,Básico,Lengua de Señas,Leve
Moderada,Avanzado,Lengua de Señas,Avanzada
Leve,Básico,Subtítulos,Leve
Moderada,Intermedio,Lengua de Señas,Leve
Leve,Avanzado,Lengua de Señas,Avanzada
Moderada,Intermedio,Mixto,Moderada
Profunda,Avanzado,Subtítulos,Moderada
Leve,Intermedio,Lengua de Señas,Moderada
Profunda,Básico,Subtítulos,Leve
Moderada,Básico,Mixto,Leve
Profunda,Avanzado,Lengua de Señas,Moderada
Profunda,Avanzado,Subtítulos,Moderada
Profunda,Intermedio,Subtítulos,Leve
Leve,Básico,Lengua de Señas,Leve
Moderada,Intermedio,Mixto,Moderada
Moderada,Básico,Subtítulos,Leve
Moderada,Básico,Subtítulos,Leve
Profunda,Básico,Subtítulos,Leve
Profunda,Intermedio,Subtítulos,Leve
Profunda,Básico,Lengua de Señas,Leve
Moderada,Avanzado,Lengua de Señas,Avanzada
Leve,Básico,Lengua de Señas,Leve
Moderada,Intermedio,Lengua de Señas,Moderada
Leve,Básico,Subtítulos,Moderada
Leve,Avanzado,Mixto,Avanzada
Leve,Avanzado,Mixto,Avanzada
Moderada,Intermedio,Lengua de Señas,Moderada
Leve,Avanzado,Lengua de Señas,Avanzada
Profunda,Intermedio,Subtítulos,Leve
Profunda,Básico,Subtítulos,Leve
Profunda,Avanzado,Subtítulos,Moderada
Leve,Intermedio,Subtítulos,Moderada
Leve,Básico,Subtítulos,Leve
Leve,Avanzado,Mixto,Avanzada
Profunda,Básico,Subtítulos,Leve
Leve,Avanzado,Lengua de Señas,Avanzada
Profunda,Intermedio,Lengua de Señas,Leve
Moderada,Intermedio,Mixto,Moderada
Moderada,Avanzado,Mixto,Avanzada
Moderada,Básico,Subtítulos,Leve
Moderada,Avanzado,Subtítulos,Avanzada
Moderada,Avanzado,Lengua de Señas,Avanzada
Leve,Intermedio,Mixto,Moderada
Leve,Básico,Lengua de Señas,Leve
Profunda,Avanzado,Mixto,Moderada
Moderada,Avanzado,Mixto,Leve
Moderada,Avanzado,Lengua de Señas,Avanzada
Moderada,Intermedio,Lengua de Señas,Moderada
Moderada,Intermedio,Mixto,Moderada
Leve,Básico,Subtítulos,Leve
Leve,Avanzado,Lengua de Señas,Moderada
Profunda,Avanzado,Mixto,Moderada
Leve,Intermedio,Lengua de Señas,Moderada
Leve,Avanzado,Mixto,Avanzada
Profunda,Intermedio,Subtítulos,Leve
Moderada,Avanzado,Mixto,Avanzada
Leve,Básico,Lengua de Señas,Leve
Profunda,Intermedio,Lengua de Señas,Leve
Leve,Básico,Subtítulos,Leve
Profunda,Avanzado,Subtítulos,Moderada
Profunda,Avanzado,Lengua de Señas,Moderada
Leve,Intermedio,Subtítulos,Moderada
Leve,Avanzado,Subtítulos,Avanzada
Moderada,Básico,Lengua de Señas,Leve
Leve,Avanzado,Subtítulos,Avanzada
Leve,Avanzado,Lengua de Señas,Avanzada
Leve,Intermedio,Mixto,Avanzada
Moderada,Básico,Subtítulos,Leve
Profunda,Intermedio,Subtítulos,Leve
Profunda,Intermedio,Mixto,Leve
Leve,Básico,Mixto,Leve
Profunda,Básico,Subtítulos,Leve
Profunda,Básico,Subtítulos,Leve
Moderada,Intermedio,Subtítulos,Avanzada
Profunda,Básico,Lengua de Señas,Leve
Moderada,Intermedio,Lengua de Señas,Moderada
Profunda,Básico,Mixto,Leve
Leve,Intermedio,Subtítulos,Moderada
Leve,Básico,Subtítulos,Leve
Moderada,Básico,Subtítulos,Leve
Profunda,Básico,Mixto,Leve
Moderada,Básico,Mixto,Leve
Profunda,Intermedio,Subtítulos,Leve
Profunda,Básico,Mixto,Leve
Leve,Intermedio,Subtítulos,Moderada
Leve,Intermedio,Subtítulos,Moderada
Leve,Básico,Subtítulos,Leve
Leve,Avanzado,Lengua de Señas,Avanzada
Profunda,Intermedio,Mixto,Leve
Profunda,Básico,Mixto,Leve
Leve,Avanzado,Subtítulos,Avanzada
Leve,Intermedio,Lengua de Señas,Avanzada
Moderada,Básico,Mixto,Leve
Profunda,Avanzado,Lengua de Señas,Moderada
Leve,Intermedio,Lengua de Señas,Moderada
Leve,Intermedio,Mixto,Moderada
Moderada,Básico,Lengua de Señas,Leve
Moderada,Básico,Subtítulos,Avanzada
Leve,Básico,Lengua de Señas,Leve
Profunda,Avanzado,Subtítulos,Moderada
Moderada,Avanzado,Mixto,Avanzada
Moderada,Avanzado,Mixto,Avanzada
Profunda,Avanzado,Lengua de Señas,Moderada
Leve,Intermedio,Lengua de Señas,Leve
Profunda,Básico,Mixto,Leve
Leve,Intermedio,Subtítulos,Moderada
Leve,Básico,Subtítulos,Leve
Moderada,Intermedio,Subtítulos,Moderada
Leve,Avanzado,Subtítulos,Leve
Profunda,Básico,Mixto,Leve
Leve,Intermedio,Mixto,Moderada
Moderada,Avanzado,Mixto,Avanzada
Moderada,Intermedio,Mixto,Moderada
Leve,Avanzado,Lengua de Señas,Avanzada
Moderada,Básico,Lengua de Señas,Leve
Moderada,Intermedio,Lengua de Señas,Moderada
Leve,Básico,Mixto,Leve
Leve,Básico,Subtítulos,Leve
Leve,Básico,Subtítulos,Leve
Leve,Intermedio,Lengua de Señas,Moderada
Leve,Avanzado,Subtítulos,Avanzada
Moderada,Intermedio,Mixto,Avanzada
Leve,Intermedio,Subtítulos,Moderada
Profunda,Básico,Mixto,Leve
Profunda,Básico,Lengua de Señas,Leve
Leve,Básico,Subtítulos,Leve
Profunda,Avanzado,Subtítulos,Avanzada
Moderada,Básico,Subtítulos,Leve
Moderada,Avanzado,Subtítulos,Avanzada
Leve,Básico,Lengua de Señas,Leve
Leve,Básico,Lengua de Señas,Leve
Leve,Avanzado,Subtítulos,Avanzada
Moderada,Básico,Subtítulos,Leve
Moderada,Avanzado,Mixto,Avanzada
Moderada,Intermedio,Lengua de Señas,Moderada
Moderada,Básico,Lengua de Señas,Leve
Moderada,Intermedio,Mixto,Moderada
Profunda,Avanzado,Mixto,Moderada
Leve,Intermedio,Lengua de Señas,Moderada
Profunda,Intermedio,Lengua de Señas,Leve
Moderada,Intermedio,Lengua de Señas,Moderada
Profunda,Avanzado,Lengua de Señas,Moderada
Moderada,Básico,Mixto,Leve
Profunda,Intermedio,Mixto,Leve
Leve,Intermedio,Subtítulos,Moderada
Leve,Intermedio,Lengua de Señas,Moderada
Leve,Intermedio,Mixto,Moderada
Profunda,Avanzado,Mixto,Moderada
Profunda,Avanzado,Mixto,Moderada
Leve,Avanzado,Mixto,Avanzada
Moderada,Básico,Lengua de Señas,Leve
Leve,Básico,Lengua de Señas,Leve
Leve,Intermedio,Subtítulos,Moderada
Leve,Básico,Lengua de Señas,Leve
Leve,Intermedio,Lengua de Señas,Moderada
Leve,Intermedio,Subtítulos,Moderada
Moderada,Avanzado,Lengua de Señas,Avanzada
Leve,Básico,Lengua de Señas,Leve
Leve,Avanzado,Subtítulos,Avanzada
Profunda,Avanzado,Lengua de Señas,Moderada
Profunda,Intermedio,Lengua de Señas,Leve
Moderada,Avanzado,Mixto,Avanzada
Profunda,Avanzado,Lengua de Señas,Moderada
Leve,Intermedio,Lengua de Señas,Moderada
Profunda,Avanzado,Subtítulos,Moderada
Moderada,Avanzado,Subtítulos,Avanzada
Moderada,Intermedio,Lengua de Señas,Moderada
Leve,Básico,Subtítulos,Leve
Profunda,Básico,Subtítulos,Leve
Profunda,Intermedio,Lengua de Señas,Leve
Leve,Avanzado,Lengua de Señas,Avanzada
Moderada,Intermedio,Lengua de Señas,Moderada
Profunda,Básico,Lengua de Señas,Leve
Leve,Básico,Lengua de Señas,Leve
Moderada,Avanzado,Lengua de Señas,Avanzada
Moderada,Intermedio,Mixto,Leve
Profunda,Avanzado,Mixto,Leve
Profunda,Intermedio,Lengua de Señas,Leve
Profunda,Avanzado,Lengua de Señas,Moderada
Moderada,Intermedio,Mixto,Moderada
Moderada,Avanzado,Mixto,Avanzada
Profunda,Básico,Subtítulos,Leve
Moderada,Avanzado,Subtítulos,Avanzada
Profunda,Básico,Lengua de Señas,Leve
Moderada,Básico,Lengua de Señas,Leve
Leve,Avanzado,Mixto,Moderada
Moderada,Básico,Mixto,Leve
Moderada,Básico,Lengua de Señas,Avanzada
Leve,Básico,Subtítulos,Leve
Profunda,Intermedio,Mixto,Leve
Profunda,Básico,Subtítulos,Leve
Moderada,Intermedio,Subtítulos,Moderada
Leve,Intermedio,Mixto,Moderada
Leve,Avanzado,Subtítulos,Avanzada
Moderada,Avanzado,Subtítulos,Avanzada
Profunda,Avanzado,Lengua de Señas,Moderada
Leve,Básico,Lengua de Señas,Leve
Profunda,Intermedio,Mixto,Leve
Leve,Avanzado,Mixto,Avanzada
Leve,Básico,Subtítulos,Leve
Moderada,Intermedio,Subtítulos,Moderada
Profunda,Avanzado,Mixto,Moderada
Profunda,Avanzado,Mixto,Moderada
Profunda,Avanzado,Subtítulos,Moderada
Moderada,Avanzado,Mixto,Avanzada
Moderada,Básico,Subtítulos,Leve
Profunda,Avanzado,Subtítulos,Moderada
Moderada,Intermedio,Subtítulos,Moderada
Leve,Intermedio,Lengua de Señas,Moderada
Profunda,Básico,Mixto,Leve
Leve,Básico,Mixto,Leve
Leve,Intermedio,Mixto,Moderada
Profunda,Intermedio,Mixto,Leve
Profunda,Intermedio,Lengua de Señas,Leve
Moderada,Avanzado,Mixto,Avanzada
Profunda,Intermedio,Subtítulos,Leve
Moderada,Básico,Subtítulos,Avanzada
Leve,Básico,Mixto,Leve
Profunda,Intermedio,Subtítulos,Leve
Leve,Intermedio,Subtítulos,Moderada
Profunda,Básico,Lengua de Señas,Leve
Moderada,Intermedio,Lengua de Señas,Moderada
Leve,Avanzado,Lengua de Señas,Avanzada
Profunda,Básico,Mixto,Leve
Moderada,Básico,Subtítulos,Leve
Profunda,Avanzado,Subtítulos,Moderada
Moderada,Intermedio,Mixto,Moderada
Moderada,Avanzado,Subtítulos,Avanzada
Profunda,Avanzado,Mixto,Moderada
Leve,Avanzado,Lengua de Señas,Leve
Leve,Básico,Mixto,Leve
Moderada,Intermedio,Subtítulos,Moderada
Leve,Básico,Subtítulos,Leve
Moderada,Avanzado,Subtítulos,Avanzada
Profunda,Básico,Subtítulos,Leve
Profunda,Avanzado,Mixto,Moderada
Moderada,Básico,Subtítulos,Moderada
Profunda,Intermedio,Subtítulos,Leve
Profunda,Intermedio,Lengua de Señas,Leve
Leve,Intermedio,Lengua de Señas,Moderada
Profunda,Básico,Subtítulos,Avanzada
Moderada,Intermedio,Mixto,Moderada
Leve,Avanzado,Mixto,Avanzada
Moderada,Avanzado,Subtítulos,Avanzada
Leve,Avanzado,Mixto,Avanzada
Profunda,Avanzado,Subtítulos,Moderada
Leve,Avanzado,Subtítulos,Avanzada
Leve,Avanzado,Lengua de Señas,Avanzada
Moderada,Intermedio,Mixto,Moderada
Leve,Intermedio,Subtítulos,Moderada
Profunda,Intermedio,Mixto,Leve
Leve,Avanzado,Subtítulos,Leve
Profunda,Básico,Lengua de Señas,Leve
Profunda,Básico,Mixto,Leve
Moderada,Avanzado,Mixto,Leve
Leve,Intermedio,Lengua de Señas,Moderada
Leve,Avanzado,Lengua de Señas,Avanzada
Leve,Intermedio,Lengua de Señas,Moderada
Moderada,Avanzado,Subtítulos,Avanzada
Leve,Intermedio,Subtítulos,Moderada
Leve,Básico,Mixto,Leve
Moderada,Avanzado,Lengua de Señas,Avanzada
Moderada,Básico,Subtítulos,Leve
Leve,Avanzado,Lengua de Señas,Avanzada
Leve,Intermedio,Subtítulos,Moderada
Leve,Básico,Subtítulos,Leve
Profunda,Básico,Lengua de Señas,Leve
Profunda,Básico,Mixto,Leve
Moderada,Básico,Subtítulos,Leve
Moderada,Básico,Subtítulos,Leve
Moderada,Intermedio,Lengua de Señas,Moderada
Profunda,Básico,Mixto,Avanzada
Moderada,Básico,Subtítulos,Leve
Profunda,Básico,Mixto,Leve
Profunda,Intermedio,Lengua de Señas,Leve
Moderada,Intermedio,Subtítulos,Moderada
Moderada,Avanzado,Mixto,Avanzada
Profunda,Básico,Lengua de Señas,Leve
Profunda,Intermedio,Subtítulos,Leve
Leve,Básico,Subtítulos,Leve
Leve,Básico,Subtítulos,Leve
Moderada,Básico,Mixto,Moderada
Leve,Avanzado,Lengua de Señas,Avanzada
Leve,Avanzado,Mixto,Avanzada
Leve,Intermedio,Subtítulos,Moderada
Profunda,Intermedio,Mixto,Leve
Leve,Básico,Mixto,Leve
Moderada,Básico,Lengua de Señas,Leve
Profunda,Avanzado,Lengua de Señas,Moderada
Profunda,Intermedio,Mixto,Leve
Moderada,Básico,Lengua de Señas,Leve
Moderada,Avanzado,Subtítulos,Avanzada
Profunda,Intermedio,Mixto,Leve
Moderada,Avanzado,Lengua de Señas,Avanzada
Moderada,Avanzado,Lengua de Señas,Avanzada
Moderada,Avanzado,Mixto,Avanzada
Leve,Intermedio,Mixto,Moderada
Moderada,Avanzado,Mixto,Avanzada
Leve,Básico,Lengua de Señas,Leve
Moderada,Básico,Subtítulos,Leve
Moderada,Intermedio,Mixto,Moderada
Moderada,Intermedio,Mixto,Moderada
Leve,Intermedio,Mixto,Moderada
Leve,Intermedio,Subtítulos,Moderada
Leve,Básico,Mixto,Leve
Moderada,Básico,Mixto,Leve
Leve,Básico,Lengua de Señas,Leve
Moderada,Intermedio,Lengua de Señas,Moderada
Moderada,Básico,Subtítulos,Leve
Leve,Intermedio,Mixto,Moderada
Leve,Básico,Mixto,Leve
Leve,Básico,Mixto,Leve
Profunda,Avanzado,Lengua de Señas,Moderada
Moderada,Básico,Lengua de Señas,Leve
Profunda,Básico,Mixto,Leve
Profunda,Básico,Lengua de Señas,Leve
Moderada,Básico,Lengua de Señas,Moderada
Profunda,Intermedio,Subtítulos,Avanzada
Profunda,Básico,Subtítulos,Leve
Moderada,Básico,Subtítulos,Leve
Profunda,Intermedio,Lengua de Señas,Leve
Profunda,Avanzado,Lengua de Señas,Moderada
Leve,Avanzado,Subtítulos,Avanzada
Moderada,Básico,Lengua de Señas,Leve
Profunda,Avanzado,Subtítulos,Moderada
Leve,Intermedio,Lengua de Señas,Moderada
Leve,Básico,Mixto,Avanzada
Moderada,Avanzado,Subtítulos,Moderada
Moderada,Básico,Subtítulos,Leve
Leve,Básico,Lengua de Señas,Leve
Moderada,Básico,Mixto,Leve
Moderada,Avanzado,Subtítulos,Avanzada
Moderada,Avanzado,Subtítulos,Avanzada
Leve,Básico,Mixto,Leve
Leve,Intermedio,Mixto,Moderada
Profunda,Básico,Mixto,Leve
Leve,Avanzado,Mixto,Avanzada
Moderada,Avanzado,Subtítulos,Avanzada
Profunda,Intermedio,Lengua de Señas,Leve
Leve,Avanzado,Lengua de Señas,Avanzada
Moderada,Avanzado,Subtítulos,Avanzada
Profunda,Intermedio,Subtítulos,Leve
Moderada,Avanzado,Lengua de Señas,Leve
Moderada,Avanzado,Mixto,Avanzada
Leve,Intermedio,Lengua de Señas,Moderada
Leve,Intermedio,Subtítulos,Moderada
Leve,Intermedio,Lengua de Señas,Moderada
Moderada,Intermedio,Mixto,Moderada
Profunda,Avanzado,Subtítulos,Moderada
Leve,Avanzado,Subtítulos,Avanzada
Profunda,Avanzado,Mixto,Moderada
Moderada,Intermedio,Lengua de Señas,Moderada
Leve,Avanzado,Subtítulos,Avanzada
Profunda,Avanzado,Subtítulos,Moderada
Moderada,Avanzado,Lengua de Señas,Avanzada
Profunda,Avanzado,Mixto,Moderada
Leve,Básico,Mixto,Leve
Profunda,Intermedio,Mixto,Leve
Profunda,Avanzado,Subtítulos,Moderada
Moderada,Avanzado,Lengua de Señas,Avanzada
Leve,Básico,Lengua de Señas,Leve
Profunda,Intermedio,Subtítulos,Leve
Leve,Avanzado,Mixto,Avanzada
Profunda,Avanzado,Subtítulos,Moderada
Leve,Intermedio,Mixto,Moderada
Profunda,Básico,Lengua de Señas,Leve
Leve,Intermedio,Subtítulos,Moderada
Leve,Avanzado,Lengua de Señas,Avanzada
Leve,Intermedio,Mixto,Moderada
Leve,Básico,Lengua de Señas,Leve
Moderada,Intermedio,Mixto,Moderada
Profunda,Básico,Subtítulos,Leve
Moderada,Básico,Mixto,Leve
Leve,Básico,Subtítulos,Leve
Profunda,Intermedio,Lengua de Señas,Leve
Leve,Intermedio,Lengua de Señas,Moderada
Moderada,Básico,Subtítulos,Leve
Moderada,Básico,Subtítulos,Moderada
Profunda,Intermedio,Lengua de Señas,Leve
Moderada,Intermedio,Lengua de Señas,Moderada
Moderada,Avanzado,Subtítulos,Avanzada
Leve,Avanzado,Mixto,Moderada
Leve,Avanzado,Mixto,Avanzada
Moderada,Intermedio,Lengua de Señas,Moderada
Profunda,Avanzado,Mixto,Moderada
Moderada,Intermedio,Lengua de Señas,Moderada
Profunda,Básico,Lengua de Señas,Leve
Moderada,Intermedio,Mixto,Moderada
Leve,Básico,Mixto,Leve
Profunda,Intermedio,Subtítulos,Leve
Profunda,Básico,Mixto,Moderada
Moderada,Intermedio,Mixto,Moderada
Leve,Avanzado,Mixto,Avanzada
Profunda,Básico,Subtítulos,Leve
Profunda,Básico,Mixto,Leve
Moderada,Básico,Mixto,Leve
Leve,Intermedio,Lengua de Señas,Moderada
Leve,Intermedio,Subtítulos,Moderada
Moderada,Avanzado,Lengua de Señas,Avanzada
Profunda,Intermedio,Mixto,Leve
Moderada,Básico,Mixto,Leve
Leve,Avanzado,Subtítulos,Avanzada
Moderada,Avanzado,Lengua de Señas,Avanzada
Moderada,Intermedio,Mixto,Moderada
Moderada,Básico,Subtítulos,Leve
Leve,Avanzado,Lengua de Señas,Avanzada
Leve,Intermedio,Mixto,Moderada
Profunda,Básico,Subtítulos,Leve
Profunda,Básico,Subtítulos,Leve
Leve,Avanzado,Mixto,Avanzada
Moderada,Avanzado,Lengua de Señas,Avanzada
Moderada,Básico,Lengua de Señas,Leve
Leve,Básico,Subtítulos,Leve
Profunda,Básico,Subtítulos,Leve
Leve,Avanzado,Subtítulos,Avanzada
Leve,Básico,Subtítulos,Leve
Profunda,Avanzado,Lengua de Señas,Moderada
Leve,Intermedio,Lengua de Señas,Avanzada
Leve,Intermedio,Subtítulos,Moderada
Profunda,Intermedio,Subtítulos,Leve
Leve,Básico,Subtítulos,Leve
Moderada,Básico,Lengua de Señas,Leve
Profunda,Intermedio,Lengua de Señas,Leve
Leve,Básico,Mixto,Leve
Profunda,Avanzado,Lengua de Señas,Moderada
Moderada,Avanzado,Lengua de Señas,Avanzada
Moderada,Intermedio,Mixto,Moderada
Leve,Básico,Mixto,Leve
Moderada,Básico,Mixto,Leve
Moderada,Básico,Mixto,Leve
Profunda,Intermedio,Lengua de Señas,Leve
Leve,Intermedio,Mixto,Moderada
Profunda,Básico,Lengua de Señas,Leve
Leve,Avanzado,Mixto,Avanzada
Leve,Básico,Subtítulos,Leve
Moderada,Intermedio,Lengua de Señas,Moderada
Leve,Básico,Subtítulos,Leve
Leve,Básico,Subtítulos,Leve
Profunda,Intermedio,Subtítulos,Leve
Moderada,Avanzado,Lengua de Señas,Avanzada
Leve,Básico,Mixto,Leve
Profunda,Básico,Lengua de Señas,Leve
Leve,Básico,Mixto,Leve
Moderada,Avanzado,Mixto,Avanzada
Leve,Básico,Subtítulos,Leve
Leve,Avanzado,Lengua de Señas,Avanzada
Moderada,Intermedio,Lengua de Señas,Moderada
Leve,Avanzado,Subtítulos,Avanzada
Moderada,Intermedio,Subtítulos,Moderada
Leve,Básico,Lengua de Señas,Leve
Profunda,Avanzado,Mixto,Moderada
Moderada,Intermedio,Lengua de Señas,Moderada
Profunda,Básico,Subtítulos,Leve
Profunda,Avanzado,Subtítulos,Moderada
Leve,Avanzado,Mixto,Leve
Leve,Intermedio,Mixto,Moderada
Leve,Básico,Lengua de Señas,Leve
Profunda,Avanzado,Lengua de Señas,Moderada
Moderada,Intermedio,Subtítulos,Moderada
Moderada,Básico,Lengua de Señas,Leve
Profunda,Intermedio,Mixto,Leve
Profunda,Avanzado,Subtítulos,Moderada
Moderada,Intermedio,Mixto,Moderada
Leve,Intermedio,Mixto,Moderada
Profunda,Intermedio,Lengua de Señas,Leve
Leve,Intermedio,Subtítulos,Moderada
Moderada,Básico,Subtítulos,Leve
Leve,Intermedio,Mixto,Moderada
Moderada,Avanzado,Mixto,Avanzada
Moderada,Avanzado,Lengua de Señas,Avanzada
Moderada,Básico,Mixto,Leve
Moderada,Básico,Mixto,Leve
Moderada,Básico,Mixto,Leve
Profunda,Avanzado,Lengua de Señas,Moderada
Leve,Básico,Subtítulos,Leve
Moderada,Avanzado,Mixto,Avanzada
Profunda,Intermedio,Lengua de Señas,Leve
Leve,Básico,Mixto,Leve
Moderada,Avanzado,Lengua de Señas,Avanzada
Profunda,Básico,Lengua de Señas,Leve
Leve,Básico,Mixto,Leve
Leve,Avanzado,Lengua de Señas,Avanzada
Leve,Básico,Lengua de Señas,Leve
Profunda,Básico,Lengua de Señas,Leve
Profunda,Intermedio,Subtítulos,Leve
Moderada,Intermedio,Lengua de Señas,Moderada
Moderada,Intermedio,Subtítulos,Moderada
Profunda,Intermedio,Lengua de Señas,Leve
Leve,Básico,Subtítulos,Leve
Leve,Avanzado,Lengua de Señas,Leve
Profunda,Básico,Mixto,Leve
Leve,Avanzado,Mixto,Avanzada
Leve,Básico,Subtítulos,Leve
Moderada,Intermedio,Lengua de Señas,Moderada
Leve,Básico,Lengua de Señas,Leve
Leve,Intermedio,Subtítulos,Moderada
Leve,Intermedio,Subtítulos,Avanzada
Leve,Básico,Subtítulos,Leve
Moderada,Avanzado,Lengua de Señas,Avanzada
Profunda,Intermedio,Mixto,Leve
Profunda,Intermedio,Subtítulos,Leve
Profunda,Básico,Lengua de Señas,Leve
Leve,Avanzado,Lengua de Señas,Avanzada
Moderada,Intermedio,Lengua de Señas,Moderada
Profunda,Intermedio,Subtítulos,Leve
Profunda,Intermedio,Mixto,Leve
Moderada,Intermedio,Lengua de Señas,Moderada
Leve,Intermedio,Subtítulos,Moderada
Leve,Avanzado,Lengua de Señas,Avanzada
Moderada,Intermedio,Subtítulos,Moderada
Profunda,Básico,Lengua de Señas,Leve
Leve,Intermedio,Subtítulos,Leve
Profunda,Básico,Subtítulos,Leve
Moderada,Básico,Mixto,Leve
Leve,Avanzado,Lengua de Señas,Avanzada
Profunda,Avanzado,Mixto,Avanzada
Moderada,Intermedio,Subtítulos,Avanzada
Moderada,Básico,Mixto,Leve
Leve,Avanzado,Mixto,Avanzada
Leve,Básico,Lengua de Señas,Leve
Profunda,Básico,Mixto,Leve
Leve,Avanzado,Subtítulos,Avanzada
Moderada,Avanzado,Lengua de Señas,Avanzada
Profunda,Intermedio,Subtítulos,Leve
Profunda,Intermedio,Lengua de Señas,Leve
Leve,Intermedio,Subtítulos,Moderada
Moderada,Avanzado,Subtítulos,Avanzada
Leve,Intermedio,Mixto,Moderada
Profunda,Básico,Subtítulos,Leve
Moderada,Intermedio,Subtítulos,Moderada
Moderada,Básico,Subtítulos,Leve
Profunda,Básico,Mixto,Leve
Profunda,Básico,Lengua de Señas,Leve
Moderada,Intermedio,Mixto,Moderada
Leve,Intermedio,Lengua de Señas,Moderada
Leve,Básico,Subtítulos,Leve
Leve,Básico,Subtítulos,Leve
Leve,Básico,Lengua de Señas,Leve
Leve,Avanzado,Mixto,Avanzada
Profunda,Intermedio,Subtítulos,Leve
Profunda,Básico,Mixto,Leve
Leve,Avanzado,Subtítulos,Leve
Profunda,Avanzado,Subtítulos,Avanzada
Leve,Básico,Subtítulos,Leve
Profunda,Intermedio,Mixto,Leve
Profunda,Avanzado,Mixto,Moderada
Profunda,Intermedio,Subtítulos,Leve
Moderada,Intermedio,Lengua de Señas,Leve
Profunda,Básico,Subtítulos,Leve
Moderada,Avanzado,Subtítulos,Avanzada
Moderada,Básico,Subtítulos,Leve
Profunda,Intermedio,Mixto,Leve
Leve,Avanzado,Lengua de Señas,Avanzada
Leve,Avanzado,Lengua de Señas,Avanzada
Profunda,Básico,Lengua de Señas,Leve
Leve,Avanzado,Lengua de Señas,Avanzada
Leve,Intermedio,Lengua de Señas,Moderada
